section,"x_mm (fwd, from robot centre)",y_mm (left),z_mm (from chassis underside),type
front,174.05,60.0,49.0,"M2.5 insert, vertical, top face"
front,174.05,20.0,49.0,"M2.5 insert, vertical, top face"
front,174.05,-20.0,49.0,"M2.5 insert, vertical, top face"
front,174.05,-60.0,49.0,"M2.5 insert, vertical, top face"
front,160.0,81.0,49.0,"M2.5 insert, vertical, top face"
front,160.0,-81.0,49.0,"M2.5 insert, vertical, top face"
front,100.0,81.0,49.0,"M2.5 insert, vertical, top face"
front,100.0,-81.0,49.0,"M2.5 insert, vertical, top face"
front,82.35,59.75,49.0,"M2.5 insert, vertical, top face"
front,82.35,20.0,49.0,"M2.5 insert, vertical, top face"
front,82.35,-20.0,49.0,"M2.5 insert, vertical, top face"
front,82.35,-59.75,49.0,"M2.5 insert, vertical, top face"
front,80.0,81.0,49.0,"M2.5 insert, vertical, top face"
front,80.0,-81.0,49.0,"M2.5 insert, vertical, top face"
center,45.0,81.0,49.0,"M2.5 insert, vertical, top face"
center,45.0,-81.0,49.0,"M2.5 insert, vertical, top face"
center,42.42,59.75,49.0,"M2.5 insert, vertical, top face"
center,42.42,20.0,49.0,"M2.5 insert, vertical, top face"
center,42.42,-20.0,49.0,"M2.5 insert, vertical, top face"
center,42.42,-59.75,49.0,"M2.5 insert, vertical, top face"
center,32.0,60.0,49.0,"M2.5 insert, vertical, top face"
center,32.0,20.0,49.0,"M2.5 insert, vertical, top face"
center,32.0,-20.0,49.0,"M2.5 insert, vertical, top face"
center,32.0,-60.0,49.0,"M2.5 insert, vertical, top face"
center,-32.0,60.0,49.0,"M2.5 insert, vertical, top face"
center,-32.0,20.0,49.0,"M2.5 insert, vertical, top face"
center,-32.0,-20.0,49.0,"M2.5 insert, vertical, top face"
center,-32.0,-60.0,49.0,"M2.5 insert, vertical, top face"
center,-42.42,59.75,49.0,"M2.5 insert, vertical, top face"
center,-42.42,20.0,49.0,"M2.5 insert, vertical, top face"
center,-42.42,-20.0,49.0,"M2.5 insert, vertical, top face"
center,-42.42,-59.75,49.0,"M2.5 insert, vertical, top face"
center,-45.0,81.0,49.0,"M2.5 insert, vertical, top face"
center,-45.0,-81.0,49.0,"M2.5 insert, vertical, top face"
rear,-80.0,81.0,49.0,"M2.5 insert, vertical, top face"
rear,-80.0,-81.0,49.0,"M2.5 insert, vertical, top face"
rear,-82.35,59.75,49.0,"M2.5 insert, vertical, top face"
rear,-82.35,20.0,49.0,"M2.5 insert, vertical, top face"
rear,-82.35,-20.0,49.0,"M2.5 insert, vertical, top face"
rear,-82.35,-59.75,49.0,"M2.5 insert, vertical, top face"
rear,-100.0,81.0,49.0,"M2.5 insert, vertical, top face"
rear,-100.0,-81.0,49.0,"M2.5 insert, vertical, top face"
rear,-160.0,81.0,49.0,"M2.5 insert, vertical, top face"
rear,-160.0,-81.0,49.0,"M2.5 insert, vertical, top face"
rear,-174.05,60.0,49.0,"M2.5 insert, vertical, top face"
rear,-174.05,20.0,49.0,"M2.5 insert, vertical, top face"
rear,-174.05,-20.0,49.0,"M2.5 insert, vertical, top face"
rear,-174.05,-60.0,49.0,"M2.5 insert, vertical, top face"
front,178.05,-25.0,18.0,"M2.5 insert, horizontal, bumper face"
front,178.05,-25.0,38.0,"M2.5 insert, horizontal, bumper face"
front,178.05,25.0,18.0,"M2.5 insert, horizontal, bumper face"
front,178.05,25.0,38.0,"M2.5 insert, horizontal, bumper face"
rear,-178.05,25.0,18.0,"M2.5 insert, horizontal, bumper face"
rear,-178.05,25.0,38.0,"M2.5 insert, horizontal, bumper face"
rear,-178.05,-25.0,18.0,"M2.5 insert, horizontal, bumper face"
rear,-178.05,-25.0,38.0,"M2.5 insert, horizontal, bumper face"
